﻿use QLQUAN


-- INSERT INTO DRINKS
INSERT INTO DRINKS(MSHH,TenHang,Gia,TinhTrang)
VALUES ('TS001',N'Trà sữa khoai môn',50000,1)

INSERT INTO DRINKS(MSHH,TenHang,Gia,TinhTrang)
VALUES ('TS002',N'Trà sữa quan âm',35000,0)

INSERT INTO DRINKS(MSHH,TenHang,Gia,TinhTrang)
VALUES ('TS003',N'Trà sữa ngọt',40000,1)

INSERT INTO DRINKS(MSHH,TenHang,Gia,TinhTrang)
VALUES ('TS004',N'Trà sữa thăng tiến',52000,1)

INSERT INTO DRINKS(MSHH,TenHang,Gia,TinhTrang)
VALUES ('TS005',N'Trà sữa bánh oreo',50000,0)


-- INSERT INTO ORDER_DRINKS

INSERT INTO ORDER_DRINKS(MSDH,MSHH,SoLuong,TiLeGiam)
VALUES ('TM001','TS001',10,5);

INSERT INTO ORDER_DRINKS(MSDH,MSHH,SoLuong,TiLeGiam)
VALUES ('TM002','TS002',100,50);

INSERT INTO ORDER_DRINKS(MSDH,MSHH,SoLuong,TiLeGiam)
VALUES ('TM003','TS003',5,0);

INSERT INTO ORDER_DRINKS(MSDH,MSHH,SoLuong,TiLeGiam)
VALUES ('TM004','TS004',200,10);


INSERT INTO ORDER_DRINKS(MSDH,MSHH,SoLuong,TiLeGiam)
VALUES ('TM006','TS004',5,20);

INSERT INTO ORDER_DRINKS(MSDH,MSHH,SoLuong,TiLeGiam)
VALUES ('TM007','TS004',5,20);



-- INSERT INTO BILL_DRINKS

INSERT INTO BILL_DRINKS(MSDH,NgayDat)
VALUES ('TM001','2020-5-3 3:32:11')

INSERT INTO BILL_DRINKS(MSDH,NgayDat)
VALUES ('TM002','2020-4-3 13:32:11')

INSERT INTO BILL_DRINKS(MSDH,NgayDat)
VALUES ('TM003','2020-4-3 23:32:11')

INSERT INTO BILL_DRINKS(MSDH,NgayDat)
VALUES ('TM004','2020-5-3 7:32:11')

INSERT INTO BILL_DRINKS(MSDH,NgayDat)
VALUES ('TM005','2020-5-3 5:32:11')

INSERT INTO BILL_DRINKS(MSDH,NgayDat)
VALUES ('TM006','2020-5-3 5:32:11')

INSERT INTO BILL_DRINKS(MSDH,NgayDat)
VALUES ('TM007','5/3/2020 6:37:42 PM')


-- test
SELECT * FROM BILL_DRINKS
SELECT * FROM ORDER_DRINKS
SELECT * FROM DRINKS




